{
  "test/flpSandbox.html": 1744116959100,
  "xs-app.json": 1744130161957,
  "test/integration/pages/ConfirmationsList.js": 1744116959148,
  "test/integration/opaTests.qunit.js": 1744116959132,
  "test/integration/FirstJourney.js": 1744116959152,
  "test/testsuite.qunit.js": 1744116959116,
  "test/integration/pages/ConfirmationsObjectPage.js": 1744116959148,
  "manifest.json": 1744130162153,
  "Component.js": 1744116959036,
  "test/integration/pages/ConfirmationsObjectPage-dbg.js": 1744116959148,
  "test/integration/pages/ConfirmationsObjectPage.js.map": 1744130184442,
  "test/integration/opaTests.qunit-dbg.js": 1744116959132,
  "test/integration/opaTests.qunit.js.map": 1744130184443,
  "test/integration/FirstJourney-dbg.js": 1744116959152,
  "test/integration/FirstJourney.js.map": 1744130184444,
  "test/testsuite.qunit-dbg.js": 1744116959116,
  "test/testsuite.qunit.js.map": 1744130184442,
  "test/integration/pages/ConfirmationsList-dbg.js": 1744116959148,
  "test/integration/pages/ConfirmationsList.js.map": 1744130184444,
  "Component-dbg.js": 1744116959036,
  "Component.js.map": 1744130184443,
  "Component-preload.js": 1744130184500,
  "Component-preload.js.map": 1744130184500,
  "test/integration/opaTests.qunit.html": 1744116959132,
  "test/testsuite.qunit.html": 1744116959100,
  "i18n/i18n.properties": 1744116962164,
  "index.html": 1744116959036
}